{"cameraMode":{"drawMode":0,"name":"Shaded","section":"Shading Mode"},"sceneLighting":true,"audioPlay":false,"sceneViewState":{"m_AlwaysRefresh":false,"showFog":true,"showSkybox":true,"showFlares":true,"showImageEffects":true,"showParticleSystems":true,"showVisualEffectGraphs":true,"m_FxEnabled":true},"in2DMode":false,"pivot":{"x":0.17561179399490357,"y":0.7434105277061462,"z":-2.739915609359741},"rotation":{"x":0.02489183470606804,"y":-0.3869735896587372,"z":0.010450828820466996,"w":0.9216957688331604},"size":6.84509801864624,"orthographic":false}